id,first_name,last_name
55,Theresa,Garrett
18,Evelyn,Ellis
95,Kathy,Watson
16,Jack,Cox
40,Judith,Long
15,Mary,Willis
100,Ernest,Mccoy
89,Catherine,
100,Todd,Marshall
16,Julia,Daniels
6,Harold,Gutierrez
22,Brandon,Lee
47,Antonio,Howell
49,Sara,Howell
1,Jose,Olson
72,Jesse,Harvey
57,Ruth,
52,Sean,Wells
67,Kelly,Reid
3,Daniel,Hill
70,Alan,Carter
16,Andrea,Elliott
19,James,
48,Kathleen,Burke
15,Aaron,Lynch
22,Patrick,
46,Matthew,Ellis
88,Jack,Ward
70,Rebecca,Perkins
44,David,Jackson
93,Julie,Henry
37,Johnny,Rivera
73,Barbara,Hunt
16,Harold,Cruz
86,Evelyn,Gray
32,Arthur,Webb
89,Judy,Clark
55,Christine,Frazier
64,Henry,Parker
98,Bobby,King
4,Anne,Andrews
62,Steven,Anderson
67,Carolyn,Myers
70,Lawrence,Gomez
67,Russell,Pierce
36,Amanda,Patterson
79,,Payne
26,Jason,Miller
93,Keith,
62,Rose,
48,Wayne,Payne
77,Russell,Reyes
94,Maria,Moore
49,Jacqueline,Hanson
71,Phillip,Stanley
94,Melissa,Burns
81,Dennis,Bradley
19,Henry,
45,Roger,Larson
38,Lawrence,Lee
26,Elizabeth,Stephens
28,Brandon,Olson
43,,Romero
9,Victor,Robertson
82,Amanda,
55,Eugene,Shaw
86,John,Howard
17,Deborah,Banks
60,Ruby,
38,Gerald,Young
40,Janice,Howell
44,Sarah,Garza
72,Carl,Watson
48,Dorothy,Grant
98,Donald,
62,Karen,Meyer
52,Wanda,Price
54,Alice,Mitchell
26,Christopher,Patterson
84,Steven,Clark
17,Joyce,Anderson
53,John,Stone
54,Karen,Montgomery
87,,Fuller
45,Phillip,Nichols
87,Melissa,Edwards
23,Willie,Ferguson
33,Chris,Lynch
2,Lawrence,Stephens
46,Kelly,Rose
55,Edward,Wood
5,Bruce,Weaver
51,Nancy,James
40,Ruth,Evans
60,Joe,Adams
41,,Davis
63,Mark,Nichols
19,Heather,Larson
56,Diana,
9,Dorothy,Hicks